"date","winter_season","min_temp","temperature_band","reserve_target_pct","observed_capacity","observed_occupancy","observed_spare","observed_spare_pct","minimum_capacity_for_target","additional_spaces_needed"
2024-01-04,"2023-24",-5.7,"-10 to -5 C",2,177,177,0,0,181,4
2024-01-14,"2023-24",-11.1,"-15 to -10 C",2,177,176,1,0.564971751412429,180,3
2024-01-15,"2023-24",-12.3,"-15 to -10 C",2,177,177,0,0,181,4
2024-01-16,"2023-24",-12.7,"-15 to -10 C",2,207,205,2,0.966183574879227,210,3
2024-01-17,"2023-24",-14.1,"-15 to -10 C",2,207,204,3,1.44927536231884,209,2
2024-01-18,"2023-24",-6.8,"-10 to -5 C",2,207,201,6,2.89855072463768,206,0
2024-01-19,"2023-24",-13.6,"-15 to -10 C",2,207,204,3,1.44927536231884,209,2
2024-01-20,"2023-24",-14.1,"-15 to -10 C",2,207,207,0,0,212,5
2024-01-21,"2023-24",-10.1,"-15 to -10 C",2,207,197,10,4.83091787439614,202,0
2024-02-13,"2023-24",-6.1,"-10 to -5 C",2,176,154,22,12.5,158,0
2024-02-14,"2023-24",-6.8,"-10 to -5 C",2,177,177,0,0,181,4
2024-02-17,"2023-24",-6.8,"-10 to -5 C",2,177,175,2,1.12994350282486,179,2
2024-02-18,"2023-24",-6.4,"-10 to -5 C",2,177,175,2,1.12994350282486,179,2
2024-02-19,"2023-24",-9,"-10 to -5 C",2,177,175,2,1.12994350282486,179,2
2024-02-23,"2023-24",-9.2,"-10 to -5 C",2,207,206,1,0.483091787439614,211,4
2024-02-24,"2023-24",-11.7,"-15 to -10 C",2,201,201,0,0,206,5
2024-02-28,"2023-24",-5.2,"-10 to -5 C",2,186,186,0,0,190,4
2024-02-29,"2023-24",-5.9,"-10 to -5 C",2,179,175,4,2.23463687150838,179,0
2024-03-21,"2023-24",-5.6,"-10 to -5 C",2,221,218,3,1.35746606334842,223,2
2024-03-22,"2023-24",-5,"-10 to -5 C",2,222,219,3,1.35135135135135,224,2
2024-03-23,"2023-24",-6.3,"-10 to -5 C",2,222,221,1,0.45045045045045,226,4
2024-12-05,"2024-25",-5.4,"-10 to -5 C",2,72,70,2,2.77777777777778,72,0
2024-12-06,"2024-25",-6.6,"-10 to -5 C",2,72,57,15,20.8333333333333,59,0
2024-12-12,"2024-25",-7.3,"-10 to -5 C",2,206,191,15,7.28155339805825,195,0
2024-12-13,"2024-25",-7.5,"-10 to -5 C",2,210,206,4,1.9047619047619,211,1
2024-12-14,"2024-25",-6.1,"-10 to -5 C",2,205,183,22,10.7317073170732,187,0
2024-12-20,"2024-25",-6.9,"-10 to -5 C",2,222,161,61,27.4774774774775,165,0
2024-12-21,"2024-25",-15.9,"Below -15 C",2,279,205,74,26.5232974910394,210,0
2024-12-22,"2024-25",-16.2,"Below -15 C",2,234,221,13,5.55555555555556,226,0
2025-01-04,"2024-25",-5.8,"-10 to -5 C",2,207,180,27,13.0434782608696,184,0
2025-01-05,"2024-25",-5.1,"-10 to -5 C",2,215,206,9,4.18604651162791,211,0
2025-01-06,"2024-25",-8.6,"-10 to -5 C",2,235,229,6,2.5531914893617,234,0
2025-01-07,"2024-25",-7.8,"-10 to -5 C",2,318,259,59,18.5534591194969,265,0
2025-01-08,"2024-25",-11.8,"-15 to -10 C",2,253,246,7,2.76679841897233,252,0
2025-01-09,"2024-25",-11,"-15 to -10 C",2,242,232,10,4.13223140495868,237,0
2025-01-10,"2024-25",-9.1,"-10 to -5 C",2,242,241,1,0.413223140495868,246,4
2025-01-13,"2024-25",-6.7,"-10 to -5 C",2,241,238,3,1.2448132780083,243,2
2025-01-14,"2024-25",-7.3,"-10 to -5 C",2,241,240,1,0.4149377593361,245,4
2025-01-15,"2024-25",-8,"-10 to -5 C",2,240,233,7,2.91666666666667,238,0
2025-01-18,"2024-25",-6.6,"-10 to -5 C",2,292,258,34,11.6438356164384,264,0
2025-01-19,"2024-25",-10.9,"-15 to -10 C",2,302,281,21,6.95364238410596,287,0
2025-01-20,"2024-25",-13.2,"-15 to -10 C",2,332,314,18,5.42168674698795,321,0
2025-01-21,"2024-25",-15.6,"Below -15 C",2,331,324,7,2.11480362537764,331,0
2025-01-22,"2024-25",-15.9,"Below -15 C",2,351,346,5,1.42450142450142,354,3
2025-01-23,"2024-25",-7.3,"-10 to -5 C",2,354,348,6,1.69491525423729,356,2
2025-01-24,"2024-25",-8.3,"-10 to -5 C",2,353,349,4,1.13314447592068,357,4
2025-01-25,"2024-25",-7.1,"-10 to -5 C",2,328,320,8,2.4390243902439,327,0
2025-01-28,"2024-25",-10.2,"-15 to -10 C",2,273,270,3,1.0989010989011,276,3
2025-01-29,"2024-25",-8.6,"-10 to -5 C",2,272,270,2,0.735294117647059,276,4
2025-01-30,"2024-25",-8.3,"-10 to -5 C",2,272,263,9,3.30882352941176,269,0
2025-01-31,"2024-25",-10.9,"-15 to -10 C",2,272,265,7,2.57352941176471,271,0
2025-02-01,"2024-25",-12,"-15 to -10 C",2,272,266,6,2.20588235294118,272,0
2025-02-02,"2024-25",-7.5,"-10 to -5 C",2,272,268,4,1.47058823529412,274,2
2025-02-04,"2024-25",-8,"-10 to -5 C",2,272,265,7,2.57352941176471,271,0
2025-02-05,"2024-25",-7.7,"-10 to -5 C",2,272,261,11,4.04411764705882,267,0
2025-02-07,"2024-25",-6.7,"-10 to -5 C",2,272,253,19,6.98529411764706,259,0
2025-02-08,"2024-25",-6.3,"-10 to -5 C",2,272,253,19,6.98529411764706,259,0
2025-02-10,"2024-25",-7.7,"-10 to -5 C",2,272,255,17,6.25,261,0
2025-02-11,"2024-25",-7.9,"-10 to -5 C",2,272,258,14,5.14705882352941,264,0
2025-02-12,"2024-25",-8.2,"-10 to -5 C",2,272,257,15,5.51470588235294,263,0
2025-02-13,"2024-25",-5.5,"-10 to -5 C",2,272,254,18,6.61764705882353,260,0
2025-02-14,"2024-25",-6.7,"-10 to -5 C",2,275,257,18,6.54545454545455,263,0
2025-02-16,"2024-25",-8.7,"-10 to -5 C",2,330,317,13,3.93939393939394,324,0
2025-02-17,"2024-25",-12.2,"-15 to -10 C",2,330,325,5,1.51515151515152,332,2
2025-02-18,"2024-25",-12.5,"-15 to -10 C",2,330,320,10,3.03030303030303,327,0
2025-02-19,"2024-25",-10.3,"-15 to -10 C",2,330,325,5,1.51515151515152,332,2
2025-02-20,"2024-25",-10.2,"-15 to -10 C",2,330,325,5,1.51515151515152,332,2
2025-02-21,"2024-25",-11.6,"-15 to -10 C",2,330,313,17,5.15151515151515,320,0
2025-02-22,"2024-25",-6.3,"-10 to -5 C",2,305,286,19,6.22950819672131,292,0
2025-03-01,"2024-25",-13.6,"-15 to -10 C",2,305,280,25,8.19672131147541,286,0
2025-03-02,"2024-25",-14.9,"-15 to -10 C",2,292,260,32,10.958904109589,266,0
2025-03-03,"2024-25",-5.9,"-10 to -5 C",2,292,264,28,9.58904109589041,270,0
2025-03-23,"2024-25",-5.1,"-10 to -5 C",2,232,131,101,43.5344827586207,134,0
2025-04-08,"2024-25",-5.3,"-10 to -5 C",2,243,230,13,5.34979423868313,235,0
2025-12-01,"2025-26",-5.3,"-10 to -5 C",2,241,183,58,24.0663900414938,187,0
2025-12-04,"2025-26",-9.5,"-10 to -5 C",2,241,241,0,0,246,5
2025-12-05,"2025-26",-8.3,"-10 to -5 C",2,241,238,3,1.2448132780083,243,2
2025-12-07,"2025-26",-8.6,"-10 to -5 C",2,241,238,3,1.2448132780083,243,2
2025-12-08,"2025-26",-10.5,"-15 to -10 C",2,241,240,1,0.4149377593361,245,4
2025-12-09,"2025-26",-7.2,"-10 to -5 C",2,241,241,0,0,246,5
2025-12-10,"2025-26",-6.6,"-10 to -5 C",2,241,240,1,0.4149377593361,245,4
2025-12-11,"2025-26",-8.9,"-10 to -5 C",2,241,241,0,0,246,5
2025-12-12,"2025-26",-8.1,"-10 to -5 C",2,241,240,1,0.4149377593361,245,4
2025-12-13,"2025-26",-9.3,"-10 to -5 C",2,241,239,2,0.829875518672199,244,3
2025-12-14,"2025-26",-10.6,"-15 to -10 C",2,291,269,22,7.56013745704467,275,0
2025-12-15,"2025-26",-8.4,"-10 to -5 C",2,241,239,2,0.829875518672199,244,3
2025-12-16,"2025-26",-5.6,"-10 to -5 C",2,241,241,0,0,246,5
2025-12-25,"2025-26",-7.1,"-10 to -5 C",2,235,134,101,42.9787234042553,137,0
2025-12-26,"2025-26",-8.3,"-10 to -5 C",2,241,192,49,20.3319502074689,196,0
2025-12-27,"2025-26",-8.5,"-10 to -5 C",2,241,227,14,5.80912863070539,232,0
2025-12-29,"2025-26",-7.3,"-10 to -5 C",2,241,233,8,3.3195020746888,238,0
2025-12-30,"2025-26",-7.2,"-10 to -5 C",2,241,240,1,0.4149377593361,245,4
2025-12-31,"2025-26",-10.7,"-15 to -10 C",2,301,260,41,13.6212624584718,266,0
2026-01-01,"2025-26",-12.4,"-15 to -10 C",2,271,239,32,11.8081180811808,244,0
2026-01-02,"2025-26",-6.9,"-10 to -5 C",2,241,227,14,5.80912863070539,232,0
2026-01-03,"2025-26",-5.9,"-10 to -5 C",2,241,238,3,1.2448132780083,243,2
2026-01-04,"2025-26",-5,"-10 to -5 C",2,241,240,1,0.4149377593361,245,4
2026-01-14,"2025-26",-9.8,"-10 to -5 C",2,241,240,1,0.4149377593361,245,4
2026-01-15,"2025-26",-13.3,"-15 to -10 C",2,301,280,21,6.97674418604651,286,0
2026-01-16,"2025-26",-10.6,"-15 to -10 C",2,300,284,16,5.33333333333333,290,0
2026-01-17,"2025-26",-8.7,"-10 to -5 C",2,300,289,11,3.66666666666667,295,0
2026-01-18,"2025-26",-9.5,"-10 to -5 C",2,279,270,9,3.2258064516129,276,0
2026-01-19,"2025-26",-11.7,"-15 to -10 C",2,300,292,8,2.66666666666667,298,0
2026-01-20,"2025-26",-13.6,"-15 to -10 C",2,301,298,3,0.996677740863787,305,4
2026-01-21,"2025-26",-10.3,"-15 to -10 C",2,301,291,10,3.32225913621262,297,0
2026-01-22,"2025-26",-9.3,"-10 to -5 C",2,301,299,2,0.664451827242525,306,5
2026-01-23,"2025-26",-18.1,"Below -15 C",2,301,290,11,3.65448504983389,296,0
2026-01-24,"2025-26",-17.9,"Below -15 C",2,301,298,3,0.996677740863787,305,4
2026-01-25,"2025-26",-13.2,"-15 to -10 C",2,301,300,1,0.332225913621262,307,6
2026-01-26,"2025-26",-14.1,"-15 to -10 C",2,301,299,2,0.664451827242525,306,5
2026-01-27,"2025-26",-13.2,"-15 to -10 C",2,301,298,3,0.996677740863787,305,4
2026-01-28,"2025-26",-11.1,"-15 to -10 C",2,301,300,1,0.332225913621262,307,6
2026-01-29,"2025-26",-17.9,"Below -15 C",2,346,316,30,8.67052023121387,323,0
2026-01-30,"2025-26",-19.1,"Below -15 C",2,348,335,13,3.73563218390805,342,0
2026-01-31,"2025-26",-15.3,"Below -15 C",2,349,344,5,1.43266475644699,352,3
2026-02-01,"2025-26",-15,"Below -15 C",2,349,345,4,1.14613180515759,353,4
2026-02-02,"2025-26",-12.1,"-15 to -10 C",2,349,344,5,1.43266475644699,352,3
2026-02-03,"2025-26",-9.7,"-10 to -5 C",2,349,345,4,1.14613180515759,353,4
2026-02-04,"2025-26",-11.9,"-15 to -10 C",2,349,347,2,0.573065902578797,355,6
2026-02-05,"2025-26",-10.5,"-15 to -10 C",2,349,343,6,1.71919770773639,350,1
2026-02-06,"2025-26",-18.2,"Below -15 C",2,349,344,5,1.43266475644699,352,3
2026-02-07,"2025-26",-19.6,"Below -15 C",2,349,341,8,2.29226361031519,348,0
2026-02-08,"2025-26",-19.9,"Below -15 C",2,349,345,4,1.14613180515759,353,4
2026-02-09,"2025-26",-15.7,"Below -15 C",2,349,319,30,8.59598853868195,326,0
2026-02-12,"2025-26",-9,"-10 to -5 C",2,256,255,1,0.390625,261,5
2026-02-13,"2025-26",-9.3,"-10 to -5 C",2,231,219,12,5.1948051948052,224,0
2026-02-23,"2025-26",-11.1,"-15 to -10 C",2,316,292,24,7.59493670886076,298,0
2026-02-24,"2025-26",-13.8,"-15 to -10 C",2,286,265,21,7.34265734265734,271,0
2026-02-25,"2025-26",-5,"-10 to -5 C",2,256,256,0,0,262,6
2026-02-26,"2025-26",-5.4,"-10 to -5 C",2,256,254,2,0.78125,260,4
2026-02-28,"2025-26",-6.2,"-10 to -5 C",2,256,248,8,3.125,254,0
2026-03-01,"2025-26",-11.2,"-15 to -10 C",2,316,293,23,7.27848101265823,299,0
2026-03-02,"2025-26",-11.3,"-15 to -10 C",2,286,257,29,10.1398601398601,263,0
2026-03-16,"2025-26",-8.1,"-10 to -5 C",2,256,251,5,1.953125,257,1
2026-03-17,"2025-26",-9.7,"-10 to -5 C",2,256,249,7,2.734375,255,0
2026-03-18,"2025-26",-5.9,"-10 to -5 C",2,224,214,10,4.46428571428571,219,0
2026-03-27,"2025-26",-6.2,"-10 to -5 C",2,256,250,6,2.34375,256,0
2024-01-04,"2023-24",-5.7,"-10 to -5 C",5,177,177,0,0,187,10
2024-01-14,"2023-24",-11.1,"-15 to -10 C",5,177,176,1,0.564971751412429,186,9
2024-01-15,"2023-24",-12.3,"-15 to -10 C",5,177,177,0,0,187,10
2024-01-16,"2023-24",-12.7,"-15 to -10 C",5,207,205,2,0.966183574879227,216,9
2024-01-17,"2023-24",-14.1,"-15 to -10 C",5,207,204,3,1.44927536231884,215,8
2024-01-18,"2023-24",-6.8,"-10 to -5 C",5,207,201,6,2.89855072463768,212,5
2024-01-19,"2023-24",-13.6,"-15 to -10 C",5,207,204,3,1.44927536231884,215,8
2024-01-20,"2023-24",-14.1,"-15 to -10 C",5,207,207,0,0,218,11
2024-01-21,"2023-24",-10.1,"-15 to -10 C",5,207,197,10,4.83091787439614,208,1
2024-02-13,"2023-24",-6.1,"-10 to -5 C",5,176,154,22,12.5,163,0
2024-02-14,"2023-24",-6.8,"-10 to -5 C",5,177,177,0,0,187,10
2024-02-17,"2023-24",-6.8,"-10 to -5 C",5,177,175,2,1.12994350282486,185,8
2024-02-18,"2023-24",-6.4,"-10 to -5 C",5,177,175,2,1.12994350282486,185,8
2024-02-19,"2023-24",-9,"-10 to -5 C",5,177,175,2,1.12994350282486,185,8
2024-02-23,"2023-24",-9.2,"-10 to -5 C",5,207,206,1,0.483091787439614,217,10
2024-02-24,"2023-24",-11.7,"-15 to -10 C",5,201,201,0,0,212,11
2024-02-28,"2023-24",-5.2,"-10 to -5 C",5,186,186,0,0,196,10
2024-02-29,"2023-24",-5.9,"-10 to -5 C",5,179,175,4,2.23463687150838,185,6
2024-03-21,"2023-24",-5.6,"-10 to -5 C",5,221,218,3,1.35746606334842,230,9
2024-03-22,"2023-24",-5,"-10 to -5 C",5,222,219,3,1.35135135135135,231,9
2024-03-23,"2023-24",-6.3,"-10 to -5 C",5,222,221,1,0.45045045045045,233,11
2024-12-05,"2024-25",-5.4,"-10 to -5 C",5,72,70,2,2.77777777777778,74,2
2024-12-06,"2024-25",-6.6,"-10 to -5 C",5,72,57,15,20.8333333333333,60,0
2024-12-12,"2024-25",-7.3,"-10 to -5 C",5,206,191,15,7.28155339805825,202,0
2024-12-13,"2024-25",-7.5,"-10 to -5 C",5,210,206,4,1.9047619047619,217,7
2024-12-14,"2024-25",-6.1,"-10 to -5 C",5,205,183,22,10.7317073170732,193,0
2024-12-20,"2024-25",-6.9,"-10 to -5 C",5,222,161,61,27.4774774774775,170,0
2024-12-21,"2024-25",-15.9,"Below -15 C",5,279,205,74,26.5232974910394,216,0
2024-12-22,"2024-25",-16.2,"Below -15 C",5,234,221,13,5.55555555555556,233,0
2025-01-04,"2024-25",-5.8,"-10 to -5 C",5,207,180,27,13.0434782608696,190,0
2025-01-05,"2024-25",-5.1,"-10 to -5 C",5,215,206,9,4.18604651162791,217,2
2025-01-06,"2024-25",-8.6,"-10 to -5 C",5,235,229,6,2.5531914893617,242,7
2025-01-07,"2024-25",-7.8,"-10 to -5 C",5,318,259,59,18.5534591194969,273,0
2025-01-08,"2024-25",-11.8,"-15 to -10 C",5,253,246,7,2.76679841897233,259,6
2025-01-09,"2024-25",-11,"-15 to -10 C",5,242,232,10,4.13223140495868,245,3
2025-01-10,"2024-25",-9.1,"-10 to -5 C",5,242,241,1,0.413223140495868,254,12
2025-01-13,"2024-25",-6.7,"-10 to -5 C",5,241,238,3,1.2448132780083,251,10
2025-01-14,"2024-25",-7.3,"-10 to -5 C",5,241,240,1,0.4149377593361,253,12
2025-01-15,"2024-25",-8,"-10 to -5 C",5,240,233,7,2.91666666666667,246,6
2025-01-18,"2024-25",-6.6,"-10 to -5 C",5,292,258,34,11.6438356164384,272,0
2025-01-19,"2024-25",-10.9,"-15 to -10 C",5,302,281,21,6.95364238410596,296,0
2025-01-20,"2024-25",-13.2,"-15 to -10 C",5,332,314,18,5.42168674698795,331,0
2025-01-21,"2024-25",-15.6,"Below -15 C",5,331,324,7,2.11480362537764,342,11
2025-01-22,"2024-25",-15.9,"Below -15 C",5,351,346,5,1.42450142450142,365,14
2025-01-23,"2024-25",-7.3,"-10 to -5 C",5,354,348,6,1.69491525423729,367,13
2025-01-24,"2024-25",-8.3,"-10 to -5 C",5,353,349,4,1.13314447592068,368,15
2025-01-25,"2024-25",-7.1,"-10 to -5 C",5,328,320,8,2.4390243902439,337,9
2025-01-28,"2024-25",-10.2,"-15 to -10 C",5,273,270,3,1.0989010989011,285,12
2025-01-29,"2024-25",-8.6,"-10 to -5 C",5,272,270,2,0.735294117647059,285,13
2025-01-30,"2024-25",-8.3,"-10 to -5 C",5,272,263,9,3.30882352941176,277,5
2025-01-31,"2024-25",-10.9,"-15 to -10 C",5,272,265,7,2.57352941176471,279,7
2025-02-01,"2024-25",-12,"-15 to -10 C",5,272,266,6,2.20588235294118,280,8
2025-02-02,"2024-25",-7.5,"-10 to -5 C",5,272,268,4,1.47058823529412,283,11
2025-02-04,"2024-25",-8,"-10 to -5 C",5,272,265,7,2.57352941176471,279,7
2025-02-05,"2024-25",-7.7,"-10 to -5 C",5,272,261,11,4.04411764705882,275,3
2025-02-07,"2024-25",-6.7,"-10 to -5 C",5,272,253,19,6.98529411764706,267,0
2025-02-08,"2024-25",-6.3,"-10 to -5 C",5,272,253,19,6.98529411764706,267,0
2025-02-10,"2024-25",-7.7,"-10 to -5 C",5,272,255,17,6.25,269,0
2025-02-11,"2024-25",-7.9,"-10 to -5 C",5,272,258,14,5.14705882352941,272,0
2025-02-12,"2024-25",-8.2,"-10 to -5 C",5,272,257,15,5.51470588235294,271,0
2025-02-13,"2024-25",-5.5,"-10 to -5 C",5,272,254,18,6.61764705882353,268,0
2025-02-14,"2024-25",-6.7,"-10 to -5 C",5,275,257,18,6.54545454545455,271,0
2025-02-16,"2024-25",-8.7,"-10 to -5 C",5,330,317,13,3.93939393939394,334,4
2025-02-17,"2024-25",-12.2,"-15 to -10 C",5,330,325,5,1.51515151515152,343,13
2025-02-18,"2024-25",-12.5,"-15 to -10 C",5,330,320,10,3.03030303030303,337,7
2025-02-19,"2024-25",-10.3,"-15 to -10 C",5,330,325,5,1.51515151515152,343,13
2025-02-20,"2024-25",-10.2,"-15 to -10 C",5,330,325,5,1.51515151515152,343,13
2025-02-21,"2024-25",-11.6,"-15 to -10 C",5,330,313,17,5.15151515151515,330,0
2025-02-22,"2024-25",-6.3,"-10 to -5 C",5,305,286,19,6.22950819672131,302,0
2025-03-01,"2024-25",-13.6,"-15 to -10 C",5,305,280,25,8.19672131147541,295,0
2025-03-02,"2024-25",-14.9,"-15 to -10 C",5,292,260,32,10.958904109589,274,0
2025-03-03,"2024-25",-5.9,"-10 to -5 C",5,292,264,28,9.58904109589041,278,0
2025-03-23,"2024-25",-5.1,"-10 to -5 C",5,232,131,101,43.5344827586207,138,0
2025-04-08,"2024-25",-5.3,"-10 to -5 C",5,243,230,13,5.34979423868313,243,0
2025-12-01,"2025-26",-5.3,"-10 to -5 C",5,241,183,58,24.0663900414938,193,0
2025-12-04,"2025-26",-9.5,"-10 to -5 C",5,241,241,0,0,254,13
2025-12-05,"2025-26",-8.3,"-10 to -5 C",5,241,238,3,1.2448132780083,251,10
2025-12-07,"2025-26",-8.6,"-10 to -5 C",5,241,238,3,1.2448132780083,251,10
2025-12-08,"2025-26",-10.5,"-15 to -10 C",5,241,240,1,0.4149377593361,253,12
2025-12-09,"2025-26",-7.2,"-10 to -5 C",5,241,241,0,0,254,13
2025-12-10,"2025-26",-6.6,"-10 to -5 C",5,241,240,1,0.4149377593361,253,12
2025-12-11,"2025-26",-8.9,"-10 to -5 C",5,241,241,0,0,254,13
2025-12-12,"2025-26",-8.1,"-10 to -5 C",5,241,240,1,0.4149377593361,253,12
2025-12-13,"2025-26",-9.3,"-10 to -5 C",5,241,239,2,0.829875518672199,252,11
2025-12-14,"2025-26",-10.6,"-15 to -10 C",5,291,269,22,7.56013745704467,284,0
2025-12-15,"2025-26",-8.4,"-10 to -5 C",5,241,239,2,0.829875518672199,252,11
2025-12-16,"2025-26",-5.6,"-10 to -5 C",5,241,241,0,0,254,13
2025-12-25,"2025-26",-7.1,"-10 to -5 C",5,235,134,101,42.9787234042553,142,0
2025-12-26,"2025-26",-8.3,"-10 to -5 C",5,241,192,49,20.3319502074689,203,0
2025-12-27,"2025-26",-8.5,"-10 to -5 C",5,241,227,14,5.80912863070539,239,0
2025-12-29,"2025-26",-7.3,"-10 to -5 C",5,241,233,8,3.3195020746888,246,5
2025-12-30,"2025-26",-7.2,"-10 to -5 C",5,241,240,1,0.4149377593361,253,12
2025-12-31,"2025-26",-10.7,"-15 to -10 C",5,301,260,41,13.6212624584718,274,0
2026-01-01,"2025-26",-12.4,"-15 to -10 C",5,271,239,32,11.8081180811808,252,0
2026-01-02,"2025-26",-6.9,"-10 to -5 C",5,241,227,14,5.80912863070539,239,0
2026-01-03,"2025-26",-5.9,"-10 to -5 C",5,241,238,3,1.2448132780083,251,10
2026-01-04,"2025-26",-5,"-10 to -5 C",5,241,240,1,0.4149377593361,253,12
2026-01-14,"2025-26",-9.8,"-10 to -5 C",5,241,240,1,0.4149377593361,253,12
2026-01-15,"2025-26",-13.3,"-15 to -10 C",5,301,280,21,6.97674418604651,295,0
2026-01-16,"2025-26",-10.6,"-15 to -10 C",5,300,284,16,5.33333333333333,299,0
2026-01-17,"2025-26",-8.7,"-10 to -5 C",5,300,289,11,3.66666666666667,305,5
2026-01-18,"2025-26",-9.5,"-10 to -5 C",5,279,270,9,3.2258064516129,285,6
2026-01-19,"2025-26",-11.7,"-15 to -10 C",5,300,292,8,2.66666666666667,308,8
2026-01-20,"2025-26",-13.6,"-15 to -10 C",5,301,298,3,0.996677740863787,314,13
2026-01-21,"2025-26",-10.3,"-15 to -10 C",5,301,291,10,3.32225913621262,307,6
2026-01-22,"2025-26",-9.3,"-10 to -5 C",5,301,299,2,0.664451827242525,315,14
2026-01-23,"2025-26",-18.1,"Below -15 C",5,301,290,11,3.65448504983389,306,5
2026-01-24,"2025-26",-17.9,"Below -15 C",5,301,298,3,0.996677740863787,314,13
2026-01-25,"2025-26",-13.2,"-15 to -10 C",5,301,300,1,0.332225913621262,316,15
2026-01-26,"2025-26",-14.1,"-15 to -10 C",5,301,299,2,0.664451827242525,315,14
2026-01-27,"2025-26",-13.2,"-15 to -10 C",5,301,298,3,0.996677740863787,314,13
2026-01-28,"2025-26",-11.1,"-15 to -10 C",5,301,300,1,0.332225913621262,316,15
2026-01-29,"2025-26",-17.9,"Below -15 C",5,346,316,30,8.67052023121387,333,0
2026-01-30,"2025-26",-19.1,"Below -15 C",5,348,335,13,3.73563218390805,353,5
2026-01-31,"2025-26",-15.3,"Below -15 C",5,349,344,5,1.43266475644699,363,14
2026-02-01,"2025-26",-15,"Below -15 C",5,349,345,4,1.14613180515759,364,15
2026-02-02,"2025-26",-12.1,"-15 to -10 C",5,349,344,5,1.43266475644699,363,14
2026-02-03,"2025-26",-9.7,"-10 to -5 C",5,349,345,4,1.14613180515759,364,15
2026-02-04,"2025-26",-11.9,"-15 to -10 C",5,349,347,2,0.573065902578797,366,17
2026-02-05,"2025-26",-10.5,"-15 to -10 C",5,349,343,6,1.71919770773639,362,13
2026-02-06,"2025-26",-18.2,"Below -15 C",5,349,344,5,1.43266475644699,363,14
2026-02-07,"2025-26",-19.6,"Below -15 C",5,349,341,8,2.29226361031519,359,10
2026-02-08,"2025-26",-19.9,"Below -15 C",5,349,345,4,1.14613180515759,364,15
2026-02-09,"2025-26",-15.7,"Below -15 C",5,349,319,30,8.59598853868195,336,0
2026-02-12,"2025-26",-9,"-10 to -5 C",5,256,255,1,0.390625,269,13
2026-02-13,"2025-26",-9.3,"-10 to -5 C",5,231,219,12,5.1948051948052,231,0
2026-02-23,"2025-26",-11.1,"-15 to -10 C",5,316,292,24,7.59493670886076,308,0
2026-02-24,"2025-26",-13.8,"-15 to -10 C",5,286,265,21,7.34265734265734,279,0
2026-02-25,"2025-26",-5,"-10 to -5 C",5,256,256,0,0,270,14
2026-02-26,"2025-26",-5.4,"-10 to -5 C",5,256,254,2,0.78125,268,12
2026-02-28,"2025-26",-6.2,"-10 to -5 C",5,256,248,8,3.125,262,6
2026-03-01,"2025-26",-11.2,"-15 to -10 C",5,316,293,23,7.27848101265823,309,0
2026-03-02,"2025-26",-11.3,"-15 to -10 C",5,286,257,29,10.1398601398601,271,0
2026-03-16,"2025-26",-8.1,"-10 to -5 C",5,256,251,5,1.953125,265,9
2026-03-17,"2025-26",-9.7,"-10 to -5 C",5,256,249,7,2.734375,263,7
2026-03-18,"2025-26",-5.9,"-10 to -5 C",5,224,214,10,4.46428571428571,226,2
2026-03-27,"2025-26",-6.2,"-10 to -5 C",5,256,250,6,2.34375,264,8
2024-01-04,"2023-24",-5.7,"-10 to -5 C",10,177,177,0,0,197,20
2024-01-14,"2023-24",-11.1,"-15 to -10 C",10,177,176,1,0.564971751412429,196,19
2024-01-15,"2023-24",-12.3,"-15 to -10 C",10,177,177,0,0,197,20
2024-01-16,"2023-24",-12.7,"-15 to -10 C",10,207,205,2,0.966183574879227,228,21
2024-01-17,"2023-24",-14.1,"-15 to -10 C",10,207,204,3,1.44927536231884,227,20
2024-01-18,"2023-24",-6.8,"-10 to -5 C",10,207,201,6,2.89855072463768,224,17
2024-01-19,"2023-24",-13.6,"-15 to -10 C",10,207,204,3,1.44927536231884,227,20
2024-01-20,"2023-24",-14.1,"-15 to -10 C",10,207,207,0,0,230,23
2024-01-21,"2023-24",-10.1,"-15 to -10 C",10,207,197,10,4.83091787439614,219,12
2024-02-13,"2023-24",-6.1,"-10 to -5 C",10,176,154,22,12.5,172,0
2024-02-14,"2023-24",-6.8,"-10 to -5 C",10,177,177,0,0,197,20
2024-02-17,"2023-24",-6.8,"-10 to -5 C",10,177,175,2,1.12994350282486,195,18
2024-02-18,"2023-24",-6.4,"-10 to -5 C",10,177,175,2,1.12994350282486,195,18
2024-02-19,"2023-24",-9,"-10 to -5 C",10,177,175,2,1.12994350282486,195,18
2024-02-23,"2023-24",-9.2,"-10 to -5 C",10,207,206,1,0.483091787439614,229,22
2024-02-24,"2023-24",-11.7,"-15 to -10 C",10,201,201,0,0,224,23
2024-02-28,"2023-24",-5.2,"-10 to -5 C",10,186,186,0,0,207,21
2024-02-29,"2023-24",-5.9,"-10 to -5 C",10,179,175,4,2.23463687150838,195,16
2024-03-21,"2023-24",-5.6,"-10 to -5 C",10,221,218,3,1.35746606334842,243,22
2024-03-22,"2023-24",-5,"-10 to -5 C",10,222,219,3,1.35135135135135,244,22
2024-03-23,"2023-24",-6.3,"-10 to -5 C",10,222,221,1,0.45045045045045,246,24
2024-12-05,"2024-25",-5.4,"-10 to -5 C",10,72,70,2,2.77777777777778,78,6
2024-12-06,"2024-25",-6.6,"-10 to -5 C",10,72,57,15,20.8333333333333,64,0
2024-12-12,"2024-25",-7.3,"-10 to -5 C",10,206,191,15,7.28155339805825,213,7
2024-12-13,"2024-25",-7.5,"-10 to -5 C",10,210,206,4,1.9047619047619,229,19
2024-12-14,"2024-25",-6.1,"-10 to -5 C",10,205,183,22,10.7317073170732,204,0
2024-12-20,"2024-25",-6.9,"-10 to -5 C",10,222,161,61,27.4774774774775,179,0
2024-12-21,"2024-25",-15.9,"Below -15 C",10,279,205,74,26.5232974910394,228,0
2024-12-22,"2024-25",-16.2,"Below -15 C",10,234,221,13,5.55555555555556,246,12
2025-01-04,"2024-25",-5.8,"-10 to -5 C",10,207,180,27,13.0434782608696,200,0
2025-01-05,"2024-25",-5.1,"-10 to -5 C",10,215,206,9,4.18604651162791,229,14
2025-01-06,"2024-25",-8.6,"-10 to -5 C",10,235,229,6,2.5531914893617,255,20
2025-01-07,"2024-25",-7.8,"-10 to -5 C",10,318,259,59,18.5534591194969,288,0
2025-01-08,"2024-25",-11.8,"-15 to -10 C",10,253,246,7,2.76679841897233,274,21
2025-01-09,"2024-25",-11,"-15 to -10 C",10,242,232,10,4.13223140495868,258,16
2025-01-10,"2024-25",-9.1,"-10 to -5 C",10,242,241,1,0.413223140495868,268,26
2025-01-13,"2024-25",-6.7,"-10 to -5 C",10,241,238,3,1.2448132780083,265,24
2025-01-14,"2024-25",-7.3,"-10 to -5 C",10,241,240,1,0.4149377593361,267,26
2025-01-15,"2024-25",-8,"-10 to -5 C",10,240,233,7,2.91666666666667,259,19
2025-01-18,"2024-25",-6.6,"-10 to -5 C",10,292,258,34,11.6438356164384,287,0
2025-01-19,"2024-25",-10.9,"-15 to -10 C",10,302,281,21,6.95364238410596,313,11
2025-01-20,"2024-25",-13.2,"-15 to -10 C",10,332,314,18,5.42168674698795,349,17
2025-01-21,"2024-25",-15.6,"Below -15 C",10,331,324,7,2.11480362537764,360,29
2025-01-22,"2024-25",-15.9,"Below -15 C",10,351,346,5,1.42450142450142,385,34
2025-01-23,"2024-25",-7.3,"-10 to -5 C",10,354,348,6,1.69491525423729,387,33
2025-01-24,"2024-25",-8.3,"-10 to -5 C",10,353,349,4,1.13314447592068,388,35
2025-01-25,"2024-25",-7.1,"-10 to -5 C",10,328,320,8,2.4390243902439,356,28
2025-01-28,"2024-25",-10.2,"-15 to -10 C",10,273,270,3,1.0989010989011,300,27
2025-01-29,"2024-25",-8.6,"-10 to -5 C",10,272,270,2,0.735294117647059,300,28
2025-01-30,"2024-25",-8.3,"-10 to -5 C",10,272,263,9,3.30882352941176,293,21
2025-01-31,"2024-25",-10.9,"-15 to -10 C",10,272,265,7,2.57352941176471,295,23
2025-02-01,"2024-25",-12,"-15 to -10 C",10,272,266,6,2.20588235294118,296,24
2025-02-02,"2024-25",-7.5,"-10 to -5 C",10,272,268,4,1.47058823529412,298,26
2025-02-04,"2024-25",-8,"-10 to -5 C",10,272,265,7,2.57352941176471,295,23
2025-02-05,"2024-25",-7.7,"-10 to -5 C",10,272,261,11,4.04411764705882,290,18
2025-02-07,"2024-25",-6.7,"-10 to -5 C",10,272,253,19,6.98529411764706,282,10
2025-02-08,"2024-25",-6.3,"-10 to -5 C",10,272,253,19,6.98529411764706,282,10
2025-02-10,"2024-25",-7.7,"-10 to -5 C",10,272,255,17,6.25,284,12
2025-02-11,"2024-25",-7.9,"-10 to -5 C",10,272,258,14,5.14705882352941,287,15
2025-02-12,"2024-25",-8.2,"-10 to -5 C",10,272,257,15,5.51470588235294,286,14
2025-02-13,"2024-25",-5.5,"-10 to -5 C",10,272,254,18,6.61764705882353,283,11
2025-02-14,"2024-25",-6.7,"-10 to -5 C",10,275,257,18,6.54545454545455,286,11
2025-02-16,"2024-25",-8.7,"-10 to -5 C",10,330,317,13,3.93939393939394,353,23
2025-02-17,"2024-25",-12.2,"-15 to -10 C",10,330,325,5,1.51515151515152,362,32
2025-02-18,"2024-25",-12.5,"-15 to -10 C",10,330,320,10,3.03030303030303,356,26
2025-02-19,"2024-25",-10.3,"-15 to -10 C",10,330,325,5,1.51515151515152,362,32
2025-02-20,"2024-25",-10.2,"-15 to -10 C",10,330,325,5,1.51515151515152,362,32
2025-02-21,"2024-25",-11.6,"-15 to -10 C",10,330,313,17,5.15151515151515,348,18
2025-02-22,"2024-25",-6.3,"-10 to -5 C",10,305,286,19,6.22950819672131,318,13
2025-03-01,"2024-25",-13.6,"-15 to -10 C",10,305,280,25,8.19672131147541,312,7
2025-03-02,"2024-25",-14.9,"-15 to -10 C",10,292,260,32,10.958904109589,289,0
2025-03-03,"2024-25",-5.9,"-10 to -5 C",10,292,264,28,9.58904109589041,294,2
2025-03-23,"2024-25",-5.1,"-10 to -5 C",10,232,131,101,43.5344827586207,146,0
2025-04-08,"2024-25",-5.3,"-10 to -5 C",10,243,230,13,5.34979423868313,256,13
2025-12-01,"2025-26",-5.3,"-10 to -5 C",10,241,183,58,24.0663900414938,204,0
2025-12-04,"2025-26",-9.5,"-10 to -5 C",10,241,241,0,0,268,27
2025-12-05,"2025-26",-8.3,"-10 to -5 C",10,241,238,3,1.2448132780083,265,24
2025-12-07,"2025-26",-8.6,"-10 to -5 C",10,241,238,3,1.2448132780083,265,24
2025-12-08,"2025-26",-10.5,"-15 to -10 C",10,241,240,1,0.4149377593361,267,26
2025-12-09,"2025-26",-7.2,"-10 to -5 C",10,241,241,0,0,268,27
2025-12-10,"2025-26",-6.6,"-10 to -5 C",10,241,240,1,0.4149377593361,267,26
2025-12-11,"2025-26",-8.9,"-10 to -5 C",10,241,241,0,0,268,27
2025-12-12,"2025-26",-8.1,"-10 to -5 C",10,241,240,1,0.4149377593361,267,26
2025-12-13,"2025-26",-9.3,"-10 to -5 C",10,241,239,2,0.829875518672199,266,25
2025-12-14,"2025-26",-10.6,"-15 to -10 C",10,291,269,22,7.56013745704467,299,8
2025-12-15,"2025-26",-8.4,"-10 to -5 C",10,241,239,2,0.829875518672199,266,25
2025-12-16,"2025-26",-5.6,"-10 to -5 C",10,241,241,0,0,268,27
2025-12-25,"2025-26",-7.1,"-10 to -5 C",10,235,134,101,42.9787234042553,149,0
2025-12-26,"2025-26",-8.3,"-10 to -5 C",10,241,192,49,20.3319502074689,214,0
2025-12-27,"2025-26",-8.5,"-10 to -5 C",10,241,227,14,5.80912863070539,253,12
2025-12-29,"2025-26",-7.3,"-10 to -5 C",10,241,233,8,3.3195020746888,259,18
2025-12-30,"2025-26",-7.2,"-10 to -5 C",10,241,240,1,0.4149377593361,267,26
2025-12-31,"2025-26",-10.7,"-15 to -10 C",10,301,260,41,13.6212624584718,289,0
2026-01-01,"2025-26",-12.4,"-15 to -10 C",10,271,239,32,11.8081180811808,266,0
2026-01-02,"2025-26",-6.9,"-10 to -5 C",10,241,227,14,5.80912863070539,253,12
2026-01-03,"2025-26",-5.9,"-10 to -5 C",10,241,238,3,1.2448132780083,265,24
2026-01-04,"2025-26",-5,"-10 to -5 C",10,241,240,1,0.4149377593361,267,26
2026-01-14,"2025-26",-9.8,"-10 to -5 C",10,241,240,1,0.4149377593361,267,26
2026-01-15,"2025-26",-13.3,"-15 to -10 C",10,301,280,21,6.97674418604651,312,11
2026-01-16,"2025-26",-10.6,"-15 to -10 C",10,300,284,16,5.33333333333333,316,16
2026-01-17,"2025-26",-8.7,"-10 to -5 C",10,300,289,11,3.66666666666667,322,22
2026-01-18,"2025-26",-9.5,"-10 to -5 C",10,279,270,9,3.2258064516129,300,21
2026-01-19,"2025-26",-11.7,"-15 to -10 C",10,300,292,8,2.66666666666667,325,25
2026-01-20,"2025-26",-13.6,"-15 to -10 C",10,301,298,3,0.996677740863787,332,31
2026-01-21,"2025-26",-10.3,"-15 to -10 C",10,301,291,10,3.32225913621262,324,23
2026-01-22,"2025-26",-9.3,"-10 to -5 C",10,301,299,2,0.664451827242525,333,32
2026-01-23,"2025-26",-18.1,"Below -15 C",10,301,290,11,3.65448504983389,323,22
2026-01-24,"2025-26",-17.9,"Below -15 C",10,301,298,3,0.996677740863787,332,31
2026-01-25,"2025-26",-13.2,"-15 to -10 C",10,301,300,1,0.332225913621262,334,33
2026-01-26,"2025-26",-14.1,"-15 to -10 C",10,301,299,2,0.664451827242525,333,32
2026-01-27,"2025-26",-13.2,"-15 to -10 C",10,301,298,3,0.996677740863787,332,31
2026-01-28,"2025-26",-11.1,"-15 to -10 C",10,301,300,1,0.332225913621262,334,33
2026-01-29,"2025-26",-17.9,"Below -15 C",10,346,316,30,8.67052023121387,352,6
2026-01-30,"2025-26",-19.1,"Below -15 C",10,348,335,13,3.73563218390805,373,25
2026-01-31,"2025-26",-15.3,"Below -15 C",10,349,344,5,1.43266475644699,383,34
2026-02-01,"2025-26",-15,"Below -15 C",10,349,345,4,1.14613180515759,384,35
2026-02-02,"2025-26",-12.1,"-15 to -10 C",10,349,344,5,1.43266475644699,383,34
2026-02-03,"2025-26",-9.7,"-10 to -5 C",10,349,345,4,1.14613180515759,384,35
2026-02-04,"2025-26",-11.9,"-15 to -10 C",10,349,347,2,0.573065902578797,386,37
2026-02-05,"2025-26",-10.5,"-15 to -10 C",10,349,343,6,1.71919770773639,382,33
2026-02-06,"2025-26",-18.2,"Below -15 C",10,349,344,5,1.43266475644699,383,34
2026-02-07,"2025-26",-19.6,"Below -15 C",10,349,341,8,2.29226361031519,379,30
2026-02-08,"2025-26",-19.9,"Below -15 C",10,349,345,4,1.14613180515759,384,35
2026-02-09,"2025-26",-15.7,"Below -15 C",10,349,319,30,8.59598853868195,355,6
2026-02-12,"2025-26",-9,"-10 to -5 C",10,256,255,1,0.390625,284,28
2026-02-13,"2025-26",-9.3,"-10 to -5 C",10,231,219,12,5.1948051948052,244,13
2026-02-23,"2025-26",-11.1,"-15 to -10 C",10,316,292,24,7.59493670886076,325,9
2026-02-24,"2025-26",-13.8,"-15 to -10 C",10,286,265,21,7.34265734265734,295,9
2026-02-25,"2025-26",-5,"-10 to -5 C",10,256,256,0,0,285,29
2026-02-26,"2025-26",-5.4,"-10 to -5 C",10,256,254,2,0.78125,283,27
2026-02-28,"2025-26",-6.2,"-10 to -5 C",10,256,248,8,3.125,276,20
2026-03-01,"2025-26",-11.2,"-15 to -10 C",10,316,293,23,7.27848101265823,326,10
2026-03-02,"2025-26",-11.3,"-15 to -10 C",10,286,257,29,10.1398601398601,286,0
2026-03-16,"2025-26",-8.1,"-10 to -5 C",10,256,251,5,1.953125,279,23
2026-03-17,"2025-26",-9.7,"-10 to -5 C",10,256,249,7,2.734375,277,21
2026-03-18,"2025-26",-5.9,"-10 to -5 C",10,224,214,10,4.46428571428571,238,14
2026-03-27,"2025-26",-6.2,"-10 to -5 C",10,256,250,6,2.34375,278,22
2024-01-04,"2023-24",-5.7,"-10 to -5 C",15,177,177,0,0,209,32
2024-01-14,"2023-24",-11.1,"-15 to -10 C",15,177,176,1,0.564971751412429,208,31
2024-01-15,"2023-24",-12.3,"-15 to -10 C",15,177,177,0,0,209,32
2024-01-16,"2023-24",-12.7,"-15 to -10 C",15,207,205,2,0.966183574879227,242,35
2024-01-17,"2023-24",-14.1,"-15 to -10 C",15,207,204,3,1.44927536231884,240,33
2024-01-18,"2023-24",-6.8,"-10 to -5 C",15,207,201,6,2.89855072463768,237,30
2024-01-19,"2023-24",-13.6,"-15 to -10 C",15,207,204,3,1.44927536231884,240,33
2024-01-20,"2023-24",-14.1,"-15 to -10 C",15,207,207,0,0,244,37
2024-01-21,"2023-24",-10.1,"-15 to -10 C",15,207,197,10,4.83091787439614,232,25
2024-02-13,"2023-24",-6.1,"-10 to -5 C",15,176,154,22,12.5,182,6
2024-02-14,"2023-24",-6.8,"-10 to -5 C",15,177,177,0,0,209,32
2024-02-17,"2023-24",-6.8,"-10 to -5 C",15,177,175,2,1.12994350282486,206,29
2024-02-18,"2023-24",-6.4,"-10 to -5 C",15,177,175,2,1.12994350282486,206,29
2024-02-19,"2023-24",-9,"-10 to -5 C",15,177,175,2,1.12994350282486,206,29
2024-02-23,"2023-24",-9.2,"-10 to -5 C",15,207,206,1,0.483091787439614,243,36
2024-02-24,"2023-24",-11.7,"-15 to -10 C",15,201,201,0,0,237,36
2024-02-28,"2023-24",-5.2,"-10 to -5 C",15,186,186,0,0,219,33
2024-02-29,"2023-24",-5.9,"-10 to -5 C",15,179,175,4,2.23463687150838,206,27
2024-03-21,"2023-24",-5.6,"-10 to -5 C",15,221,218,3,1.35746606334842,257,36
2024-03-22,"2023-24",-5,"-10 to -5 C",15,222,219,3,1.35135135135135,258,36
2024-03-23,"2023-24",-6.3,"-10 to -5 C",15,222,221,1,0.45045045045045,260,38
2024-12-05,"2024-25",-5.4,"-10 to -5 C",15,72,70,2,2.77777777777778,83,11
2024-12-06,"2024-25",-6.6,"-10 to -5 C",15,72,57,15,20.8333333333333,68,0
2024-12-12,"2024-25",-7.3,"-10 to -5 C",15,206,191,15,7.28155339805825,225,19
2024-12-13,"2024-25",-7.5,"-10 to -5 C",15,210,206,4,1.9047619047619,243,33
2024-12-14,"2024-25",-6.1,"-10 to -5 C",15,205,183,22,10.7317073170732,216,11
2024-12-20,"2024-25",-6.9,"-10 to -5 C",15,222,161,61,27.4774774774775,190,0
2024-12-21,"2024-25",-15.9,"Below -15 C",15,279,205,74,26.5232974910394,242,0
2024-12-22,"2024-25",-16.2,"Below -15 C",15,234,221,13,5.55555555555556,260,26
2025-01-04,"2024-25",-5.8,"-10 to -5 C",15,207,180,27,13.0434782608696,212,5
2025-01-05,"2024-25",-5.1,"-10 to -5 C",15,215,206,9,4.18604651162791,243,28
2025-01-06,"2024-25",-8.6,"-10 to -5 C",15,235,229,6,2.5531914893617,270,35
2025-01-07,"2024-25",-7.8,"-10 to -5 C",15,318,259,59,18.5534591194969,305,0
2025-01-08,"2024-25",-11.8,"-15 to -10 C",15,253,246,7,2.76679841897233,290,37
2025-01-09,"2024-25",-11,"-15 to -10 C",15,242,232,10,4.13223140495868,273,31
2025-01-10,"2024-25",-9.1,"-10 to -5 C",15,242,241,1,0.413223140495868,284,42
2025-01-13,"2024-25",-6.7,"-10 to -5 C",15,241,238,3,1.2448132780083,280,39
2025-01-14,"2024-25",-7.3,"-10 to -5 C",15,241,240,1,0.4149377593361,283,42
2025-01-15,"2024-25",-8,"-10 to -5 C",15,240,233,7,2.91666666666667,275,35
2025-01-18,"2024-25",-6.6,"-10 to -5 C",15,292,258,34,11.6438356164384,304,12
2025-01-19,"2024-25",-10.9,"-15 to -10 C",15,302,281,21,6.95364238410596,331,29
2025-01-20,"2024-25",-13.2,"-15 to -10 C",15,332,314,18,5.42168674698795,370,38
2025-01-21,"2024-25",-15.6,"Below -15 C",15,331,324,7,2.11480362537764,382,51
2025-01-22,"2024-25",-15.9,"Below -15 C",15,351,346,5,1.42450142450142,408,57
2025-01-23,"2024-25",-7.3,"-10 to -5 C",15,354,348,6,1.69491525423729,410,56
2025-01-24,"2024-25",-8.3,"-10 to -5 C",15,353,349,4,1.13314447592068,411,58
2025-01-25,"2024-25",-7.1,"-10 to -5 C",15,328,320,8,2.4390243902439,377,49
2025-01-28,"2024-25",-10.2,"-15 to -10 C",15,273,270,3,1.0989010989011,318,45
2025-01-29,"2024-25",-8.6,"-10 to -5 C",15,272,270,2,0.735294117647059,318,46
2025-01-30,"2024-25",-8.3,"-10 to -5 C",15,272,263,9,3.30882352941176,310,38
2025-01-31,"2024-25",-10.9,"-15 to -10 C",15,272,265,7,2.57352941176471,312,40
2025-02-01,"2024-25",-12,"-15 to -10 C",15,272,266,6,2.20588235294118,313,41
2025-02-02,"2024-25",-7.5,"-10 to -5 C",15,272,268,4,1.47058823529412,316,44
2025-02-04,"2024-25",-8,"-10 to -5 C",15,272,265,7,2.57352941176471,312,40
2025-02-05,"2024-25",-7.7,"-10 to -5 C",15,272,261,11,4.04411764705882,308,36
2025-02-07,"2024-25",-6.7,"-10 to -5 C",15,272,253,19,6.98529411764706,298,26
2025-02-08,"2024-25",-6.3,"-10 to -5 C",15,272,253,19,6.98529411764706,298,26
2025-02-10,"2024-25",-7.7,"-10 to -5 C",15,272,255,17,6.25,300,28
2025-02-11,"2024-25",-7.9,"-10 to -5 C",15,272,258,14,5.14705882352941,304,32
2025-02-12,"2024-25",-8.2,"-10 to -5 C",15,272,257,15,5.51470588235294,303,31
2025-02-13,"2024-25",-5.5,"-10 to -5 C",15,272,254,18,6.61764705882353,299,27
2025-02-14,"2024-25",-6.7,"-10 to -5 C",15,275,257,18,6.54545454545455,303,28
2025-02-16,"2024-25",-8.7,"-10 to -5 C",15,330,317,13,3.93939393939394,373,43
2025-02-17,"2024-25",-12.2,"-15 to -10 C",15,330,325,5,1.51515151515152,383,53
2025-02-18,"2024-25",-12.5,"-15 to -10 C",15,330,320,10,3.03030303030303,377,47
2025-02-19,"2024-25",-10.3,"-15 to -10 C",15,330,325,5,1.51515151515152,383,53
2025-02-20,"2024-25",-10.2,"-15 to -10 C",15,330,325,5,1.51515151515152,383,53
2025-02-21,"2024-25",-11.6,"-15 to -10 C",15,330,313,17,5.15151515151515,369,39
2025-02-22,"2024-25",-6.3,"-10 to -5 C",15,305,286,19,6.22950819672131,337,32
2025-03-01,"2024-25",-13.6,"-15 to -10 C",15,305,280,25,8.19672131147541,330,25
2025-03-02,"2024-25",-14.9,"-15 to -10 C",15,292,260,32,10.958904109589,306,14
2025-03-03,"2024-25",-5.9,"-10 to -5 C",15,292,264,28,9.58904109589041,311,19
2025-03-23,"2024-25",-5.1,"-10 to -5 C",15,232,131,101,43.5344827586207,155,0
2025-04-08,"2024-25",-5.3,"-10 to -5 C",15,243,230,13,5.34979423868313,271,28
2025-12-01,"2025-26",-5.3,"-10 to -5 C",15,241,183,58,24.0663900414938,216,0
2025-12-04,"2025-26",-9.5,"-10 to -5 C",15,241,241,0,0,284,43
2025-12-05,"2025-26",-8.3,"-10 to -5 C",15,241,238,3,1.2448132780083,280,39
2025-12-07,"2025-26",-8.6,"-10 to -5 C",15,241,238,3,1.2448132780083,280,39
2025-12-08,"2025-26",-10.5,"-15 to -10 C",15,241,240,1,0.4149377593361,283,42
2025-12-09,"2025-26",-7.2,"-10 to -5 C",15,241,241,0,0,284,43
2025-12-10,"2025-26",-6.6,"-10 to -5 C",15,241,240,1,0.4149377593361,283,42
2025-12-11,"2025-26",-8.9,"-10 to -5 C",15,241,241,0,0,284,43
2025-12-12,"2025-26",-8.1,"-10 to -5 C",15,241,240,1,0.4149377593361,283,42
2025-12-13,"2025-26",-9.3,"-10 to -5 C",15,241,239,2,0.829875518672199,282,41
2025-12-14,"2025-26",-10.6,"-15 to -10 C",15,291,269,22,7.56013745704467,317,26
2025-12-15,"2025-26",-8.4,"-10 to -5 C",15,241,239,2,0.829875518672199,282,41
2025-12-16,"2025-26",-5.6,"-10 to -5 C",15,241,241,0,0,284,43
2025-12-25,"2025-26",-7.1,"-10 to -5 C",15,235,134,101,42.9787234042553,158,0
2025-12-26,"2025-26",-8.3,"-10 to -5 C",15,241,192,49,20.3319502074689,226,0
2025-12-27,"2025-26",-8.5,"-10 to -5 C",15,241,227,14,5.80912863070539,268,27
2025-12-29,"2025-26",-7.3,"-10 to -5 C",15,241,233,8,3.3195020746888,275,34
2025-12-30,"2025-26",-7.2,"-10 to -5 C",15,241,240,1,0.4149377593361,283,42
2025-12-31,"2025-26",-10.7,"-15 to -10 C",15,301,260,41,13.6212624584718,306,5
2026-01-01,"2025-26",-12.4,"-15 to -10 C",15,271,239,32,11.8081180811808,282,11
2026-01-02,"2025-26",-6.9,"-10 to -5 C",15,241,227,14,5.80912863070539,268,27
2026-01-03,"2025-26",-5.9,"-10 to -5 C",15,241,238,3,1.2448132780083,280,39
2026-01-04,"2025-26",-5,"-10 to -5 C",15,241,240,1,0.4149377593361,283,42
2026-01-14,"2025-26",-9.8,"-10 to -5 C",15,241,240,1,0.4149377593361,283,42
2026-01-15,"2025-26",-13.3,"-15 to -10 C",15,301,280,21,6.97674418604651,330,29
2026-01-16,"2025-26",-10.6,"-15 to -10 C",15,300,284,16,5.33333333333333,335,35
2026-01-17,"2025-26",-8.7,"-10 to -5 C",15,300,289,11,3.66666666666667,340,40
2026-01-18,"2025-26",-9.5,"-10 to -5 C",15,279,270,9,3.2258064516129,318,39
2026-01-19,"2025-26",-11.7,"-15 to -10 C",15,300,292,8,2.66666666666667,344,44
2026-01-20,"2025-26",-13.6,"-15 to -10 C",15,301,298,3,0.996677740863787,351,50
2026-01-21,"2025-26",-10.3,"-15 to -10 C",15,301,291,10,3.32225913621262,343,42
2026-01-22,"2025-26",-9.3,"-10 to -5 C",15,301,299,2,0.664451827242525,352,51
2026-01-23,"2025-26",-18.1,"Below -15 C",15,301,290,11,3.65448504983389,342,41
2026-01-24,"2025-26",-17.9,"Below -15 C",15,301,298,3,0.996677740863787,351,50
2026-01-25,"2025-26",-13.2,"-15 to -10 C",15,301,300,1,0.332225913621262,353,52
2026-01-26,"2025-26",-14.1,"-15 to -10 C",15,301,299,2,0.664451827242525,352,51
2026-01-27,"2025-26",-13.2,"-15 to -10 C",15,301,298,3,0.996677740863787,351,50
2026-01-28,"2025-26",-11.1,"-15 to -10 C",15,301,300,1,0.332225913621262,353,52
2026-01-29,"2025-26",-17.9,"Below -15 C",15,346,316,30,8.67052023121387,372,26
2026-01-30,"2025-26",-19.1,"Below -15 C",15,348,335,13,3.73563218390805,395,47
2026-01-31,"2025-26",-15.3,"Below -15 C",15,349,344,5,1.43266475644699,405,56
2026-02-01,"2025-26",-15,"Below -15 C",15,349,345,4,1.14613180515759,406,57
2026-02-02,"2025-26",-12.1,"-15 to -10 C",15,349,344,5,1.43266475644699,405,56
2026-02-03,"2025-26",-9.7,"-10 to -5 C",15,349,345,4,1.14613180515759,406,57
2026-02-04,"2025-26",-11.9,"-15 to -10 C",15,349,347,2,0.573065902578797,409,60
2026-02-05,"2025-26",-10.5,"-15 to -10 C",15,349,343,6,1.71919770773639,404,55
2026-02-06,"2025-26",-18.2,"Below -15 C",15,349,344,5,1.43266475644699,405,56
2026-02-07,"2025-26",-19.6,"Below -15 C",15,349,341,8,2.29226361031519,402,53
2026-02-08,"2025-26",-19.9,"Below -15 C",15,349,345,4,1.14613180515759,406,57
2026-02-09,"2025-26",-15.7,"Below -15 C",15,349,319,30,8.59598853868195,376,27
2026-02-12,"2025-26",-9,"-10 to -5 C",15,256,255,1,0.390625,300,44
2026-02-13,"2025-26",-9.3,"-10 to -5 C",15,231,219,12,5.1948051948052,258,27
2026-02-23,"2025-26",-11.1,"-15 to -10 C",15,316,292,24,7.59493670886076,344,28
2026-02-24,"2025-26",-13.8,"-15 to -10 C",15,286,265,21,7.34265734265734,312,26
2026-02-25,"2025-26",-5,"-10 to -5 C",15,256,256,0,0,302,46
2026-02-26,"2025-26",-5.4,"-10 to -5 C",15,256,254,2,0.78125,299,43
2026-02-28,"2025-26",-6.2,"-10 to -5 C",15,256,248,8,3.125,292,36
2026-03-01,"2025-26",-11.2,"-15 to -10 C",15,316,293,23,7.27848101265823,345,29
2026-03-02,"2025-26",-11.3,"-15 to -10 C",15,286,257,29,10.1398601398601,303,17
2026-03-16,"2025-26",-8.1,"-10 to -5 C",15,256,251,5,1.953125,296,40
2026-03-17,"2025-26",-9.7,"-10 to -5 C",15,256,249,7,2.734375,293,37
2026-03-18,"2025-26",-5.9,"-10 to -5 C",15,224,214,10,4.46428571428571,252,28
2026-03-27,"2025-26",-6.2,"-10 to -5 C",15,256,250,6,2.34375,295,39
